id,first_name,gender,age,country,city,salary,spending_on_food,spending_on_entertainment
1,Betteanne,Female,23,United States,Florida,3857,225,2581
2,Traci,Female,33,United States,Texas,3761,358,2856
3,Kassia,Female,37,United States,New Jersey,1320,323,979
4,Pam,Female,28,United States,Idaho,4151,392,2505
5,Marc,Male,36,United States,Missouri,1098,191,331
6,Rosabella,Female,29,United States,Ohio,4980,362,2133
7,Donnie,Male,28,United States,Michigan,4523,420,367
8,Faustine,Female,41,United States,Arizona,1837,346,1716
9,Udale,Male,25,United States,Florida,4455,234,900
10,Sawyer,Male,31,United States,Texas,4099,282,750
11,Cosette,Female,25,United States,California,1839,472,2000
12,Koressa,Bigender,53,United States,Kentucky,4592,377,332
13,Anabel,Female,46,United States,Michigan,1720,373,2067
14,Michele,Female,39,United States,Texas,3023,325,743
15,Toddy,Male,31,United States,Colorado,3987,274,2702
16,Marylinda,Female,20,United States,Texas,2896,196,1346
17,Dov,Male,52,United States,Texas,4696,229,2694
18,Garrot,Male,35,United States,North Carolina,3286,357,990
19,Alfi,Female,51,United States,California,3365,440,2069
20,Caz,Male,39,United States,Florida,1418,221,301
21,Lonee,Female,36,United States,Illinois,4951,193,1933
22,Davita,Female,49,United States,New York,2758,272,2158
23,Sherrie,Female,46,United States,Florida,3831,272,1465
24,Anne-corinne,Female,27,United States,Florida,1412,310,1861
25,Dalton,Male,50,United States,California,4868,298,1614
26,Fergus,Male,33,United States,Utah,2642,345,411
27,Cora,Genderfluid,55,United States,Connecticut,2447,393,878
28,Noreen,Female,47,United States,,4108,248,959
29,Bevvy,Female,52,United States,Pennsylvania,3804,422,403
30,Crystal,Female,33,United States,,2707,424,339
31,Aileen,Female,27,United States,Georgia,1814,427,773
32,Norby,Male,22,United States,Ohio,4855,214,1539
33,Caroline,Female,24,United States,Illinois,1302,441,1957
34,Jilleen,Female,48,United States,Georgia,3223,445,1177
35,Christina,Bigender,51,United States,Texas,3422,277,1564
36,Keri,Female,39,United States,Florida,2352,246,2819
37,Calvin,Male,25,United States,Kansas,1832,209,1222
38,Ade,Male,54,United States,Kansas,1879,205,949
39,Arlen,Female,41,United States,Washington,3266,289,777
40,Ainslee,Female,41,United States,Illinois,3957,442,1412
41,Hanni,Female,36,United States,Alabama,3855,204,1703
42,Esmaria,Female,53,United States,Nebraska,1735,369,1906
43,Carmelita,Non-binary,27,United States,Washington,4476,244,726
44,Papagena,Female,55,United States,Kansas,1975,194,2711
45,Karee,Polygender,42,United States,Texas,2616,182,361
46,Kenon,Male,29,United States,Alabama,2172,402,2402
47,Isacco,Male,24,United States,Michigan,1730,444,833
48,Pietrek,Male,53,United States,Maryland,1562,415,1475
49,Lottie,Female,27,United States,Texas,4336,213,908
50,Addia,Female,29,United States,Pennsylvania,1324,403,2654
51,Vite,Male,25,United States,California,4400,438,402
52,Osbourne,Male,33,United States,Florida,4125,481,864
53,Abagail,Female,32,United States,Colorado,1703,494,1906
54,Yuri,Male,55,United States,Ohio,2683,442,2672
55,Pamela,Female,25,United States,Indiana,3784,272,1780
56,Webster,Male,37,United States,Idaho,4836,229,2721
57,Amelia,Female,33,United States,Alabama,1450,164,1039
58,Lena,Female,23,United States,Mississippi,2069,154,796
59,Albertine,Female,48,United States,Colorado,2283,454,2364
60,Rabbi,Genderqueer,39,United States,,2375,160,2771
61,Ram,Male,46,United States,Pennsylvania,2756,427,1343
62,Cassandra,Female,49,United States,Georgia,2783,464,2816
63,Derward,Male,48,United States,California,4349,478,2020
64,Rickie,Male,36,United States,Massachusetts,2664,433,2719
65,Ebony,Genderqueer,29,United States,Oklahoma,3424,206,882
66,Alvin,Male,44,United States,District of Columbia,3448,209,1455
67,Annissa,Female,53,United States,District of Columbia,2372,342,726
68,Dorothea,Female,47,United States,Pennsylvania,3483,338,1736
69,Eziechiele,Male,51,United States,Florida,3024,441,1949
70,Latashia,Female,34,United States,Kentucky,2158,354,2470
71,Spenser,Male,52,United States,Texas,1366,168,956
72,Sherlock,Male,32,United States,Florida,4099,336,1068
73,Theodore,Male,51,United States,,4340,350,2681
74,Murdock,Male,45,United States,New York,1804,166,425
75,Kiley,Female,20,United States,Colorado,3386,374,2464
76,Petunia,Female,40,United States,California,3353,242,2236
77,Polly,Agender,47,United States,Washington,2080,290,1439
78,Andrei,Female,54,United States,South Carolina,3656,216,1534
79,Farand,Female,30,United States,Nevada,3144,342,507
80,Leonhard,Male,43,United States,,3573,479,283
81,Tomasina,Female,21,United States,California,2180,154,2448
82,Samson,Male,32,United States,Virginia,4568,244,492
83,Carmelle,Female,51,United States,West Virginia,4498,497,1079
84,Domenico,Male,39,United States,Georgia,2762,486,2425
85,Jere,Male,37,United States,Virginia,3908,451,2829
86,Kalil,Male,20,United States,Florida,4924,356,2615
87,Shannan,Male,34,United States,Texas,1062,199,906
88,Lorilyn,Female,28,United States,California,4165,183,960
89,Shelby,Male,27,United States,Illinois,4538,254,1021
90,Georgianne,Female,34,United States,Pennsylvania,4892,415,2584
91,Nester,Male,22,United States,Alabama,4326,340,1929
92,Durante,Male,22,United States,California,1490,483,403
93,Raynor,Male,27,United States,New York,1483,196,1894
94,Alicia,Female,45,United States,Pennsylvania,3432,489,895
95,Reggy,Genderfluid,36,United States,New York,4435,275,615
96,Nessy,Female,21,United States,Georgia,3383,373,382
97,Joshua,Male,28,United States,Alabama,4926,384,1145
98,Zorana,Female,34,United States,California,1889,491,1046
99,Rasla,Female,30,United States,California,1013,270,1092
100,Deerdre,Female,31,United States,Florida,3517,365,2526
101,Tobin,Polygender,24,United States,Connecticut,4886,432,630
102,Dian,Female,24,United States,Missouri,4806,323,2725
103,Bryon,Agender,53,United States,Tennessee,2794,316,730
104,Maison,Male,39,United States,Alabama,3957,471,2132
105,Jacqui,Female,50,United States,California,4003,328,2283
106,Nikki,Male,34,United States,District of Columbia,1738,240,655
107,Duff,Male,55,United States,California,4918,399,1072
108,Dari,Female,28,United States,Michigan,2265,332,990
109,Koral,Female,51,United States,Connecticut,2634,477,2600
110,Emmalee,Female,31,United States,Virginia,4891,193,1594
111,Nicholas,Male,42,United States,Indiana,4860,243,563
112,Sandi,Female,23,United States,New York,4410,164,1061
113,Nat,Male,51,United States,,3843,261,1550
114,Otto,Genderfluid,25,United States,Massachusetts,2609,178,2570
115,Heinrick,Male,30,United States,Virginia,3285,170,533
116,Caspar,Male,35,United States,Texas,3468,258,2254
117,Ardis,Female,44,United States,New York,1624,253,531
118,Rosanna,Female,49,United States,Ohio,4855,481,2419
119,Amara,Agender,42,United States,California,3662,444,966
120,Datha,Female,39,United States,Tennessee,3946,354,2319
121,Lurlene,Female,32,United States,Ohio,4503,478,254
122,Corabelle,Female,50,United States,Michigan,3297,239,2493
123,Rebe,Female,54,United States,Kansas,3344,332,1188
124,Alec,Male,43,United States,Texas,3801,487,1325
125,Irene,Female,28,United States,Kentucky,2266,185,1877
126,Yovonnda,Female,47,United States,Georgia,2312,427,1669
127,Therine,Female,46,United States,,1499,205,1033
128,Kalinda,Female,51,United States,New York,3905,476,1461
129,Talyah,Female,28,United States,,3328,164,1251
130,Adams,Male,45,United States,Iowa,3153,342,1857
131,Kirbee,Female,52,United States,Minnesota,3639,194,1940
132,Annice,Female,24,United States,,2411,388,733
133,Innis,Male,30,United States,,4059,435,1563
134,Kevin,Male,36,United States,Missouri,1911,404,2176
135,Roch,Agender,28,United States,Texas,4270,279,629
136,Duffy,Male,36,United States,Minnesota,4456,254,1176
137,Ronny,Male,48,United States,North Carolina,1194,367,1879
138,Tailor,Male,34,United States,Michigan,4837,360,540
139,Noelle,Female,47,United States,,2576,494,613
140,Lee,Male,52,United States,Florida,4532,160,291
141,Blithe,Female,22,United States,Missouri,1735,236,2504
142,Engracia,Bigender,51,United States,Tennessee,3751,172,2876
143,Dennison,Male,48,United States,Alabama,4650,196,1151
144,Sheff,Male,24,United States,New York,3635,408,2159
145,Ferdinand,Male,30,United States,Massachusetts,4105,430,1332
146,Pace,Male,25,United States,Texas,4736,470,927
147,Irwin,Male,21,United States,District of Columbia,4160,446,1294
148,Josi,Female,23,United States,Georgia,2034,376,2538
149,Harlan,Male,24,United States,,1488,444,1713
150,Blane,Male,23,United States,Minnesota,2550,417,1228
151,Vassily,Male,45,United States,Washington,4576,498,742
152,Karla,Female,55,United States,California,1969,486,1135
153,Cece,Male,51,United States,North Carolina,1078,318,387
154,Dionysus,Male,32,United States,Missouri,2521,376,2185
155,Stevena,Female,44,United States,Colorado,2865,421,2522
156,Liuka,Female,47,United States,Washington,2296,209,1900
157,Hayward,Male,42,United States,Florida,4075,491,1753
158,Barry,Male,27,United States,New York,3486,366,519
159,Bailey,Male,23,United States,Florida,3627,396,1993
160,Mei,Female,21,United States,Oklahoma,3885,305,2164
161,Valene,Female,38,United States,Colorado,2627,233,1223
162,Odetta,Female,37,United States,Missouri,1801,342,1284
163,Murry,Male,42,United States,Arizona,4952,154,1691
164,Babette,Female,40,United States,New York,2717,230,2251
165,Nester,Male,23,United States,New Jersey,2731,372,2344
166,Kayle,Female,43,United States,North Carolina,3366,366,2687
167,Bobbee,Female,52,United States,Iowa,4640,204,530
168,Serena,Female,28,United States,Florida,1023,392,2694
169,Tadd,Male,45,United States,Florida,2473,352,1259
170,Christine,Female,43,United States,North Dakota,1255,222,2290
171,Giffer,Male,47,United States,Ohio,4228,178,1488
172,Cirillo,Male,45,United States,North Dakota,1208,216,2713
173,Hermy,Male,46,United States,Ohio,2040,335,2871
174,Cleve,Male,55,United States,Idaho,1935,321,485
175,Wain,Male,22,United States,Pennsylvania,3427,450,1021
176,Honoria,Bigender,43,United States,California,3412,463,1936
177,Tildi,Female,30,United States,Tennessee,2152,346,2710
178,Myron,Male,33,United States,Texas,3324,442,2346
179,Patton,Male,39,United States,Minnesota,1916,454,582
180,Ettore,Male,49,United States,New York,1322,365,1067
181,Valina,Female,34,United States,Maryland,4177,294,1615
182,Torrance,Male,28,United States,Florida,3321,377,1312
183,Jessi,Female,21,United States,Nevada,4550,433,898
184,Mendel,Male,39,United States,Georgia,3977,304,2491
185,Charyl,Female,31,United States,California,4553,429,801
186,Marianne,Female,21,United States,North Carolina,2530,223,1489
187,Gregor,Male,29,United States,Florida,2649,177,1290
188,Courtnay,Male,46,United States,Illinois,4882,207,629
189,Olva,Female,52,United States,California,3145,408,1745
190,Erasmus,Male,35,United States,Massachusetts,2793,200,1586
191,Levon,Male,35,United States,California,3617,188,797
192,Amii,Female,43,United States,Tennessee,1421,276,1297
193,Zebulen,Male,40,United States,Illinois,1930,474,1771
194,Denny,Male,44,United States,Oklahoma,2404,413,1441
195,Gilemette,Female,55,United States,Florida,1640,456,1795
196,Dugald,Male,25,United States,New York,2676,455,1130
197,Torin,Male,35,United States,Minnesota,3410,383,330
198,Abeu,Agender,40,United States,,2859,340,1915
199,Yard,Male,46,United States,Texas,1286,409,980
200,Cathlene,Female,48,United States,Texas,3546,364,479
201,Vivianna,Female,52,United States,New Mexico,2584,442,2386
202,Sherill,Genderfluid,35,United States,Florida,2116,447,1004
203,Cazzie,Male,20,United States,Texas,2199,239,1945
204,Ozzy,Male,29,United States,Alabama,4041,257,2732
205,Morlee,Male,38,United States,Texas,2422,318,2342
206,Ches,Male,21,United States,Michigan,1483,154,1471
207,Lanie,Male,44,United States,Texas,1777,220,2547
208,Lia,Female,31,United States,District of Columbia,3263,264,2171
209,Russell,Male,32,United States,Florida,2324,392,1474
210,Ikey,Male,54,United States,Arizona,3061,377,2341
211,Jason,Male,53,United States,New York,4723,244,1795
212,Joelynn,Female,21,United States,Oklahoma,4752,406,725
213,Magda,Female,54,United States,Pennsylvania,2785,465,1638
214,Guinevere,Female,43,United States,Missouri,2035,289,1254
215,Ame,Female,53,United States,Arizona,2131,490,1673
216,Land,Genderqueer,30,United States,Arizona,4759,178,2594
217,Katherina,Female,41,United States,Florida,2874,410,1086
218,Kaia,Female,35,United States,Alabama,2781,473,2809
219,Kriste,Female,46,United States,Florida,2189,245,595
220,Gawain,Male,51,United States,Mississippi,3047,404,977
221,Seward,Male,32,United States,California,1352,461,1031
222,Nate,Genderqueer,53,United States,Ohio,2743,196,1987
223,Aubrie,Female,37,United States,New York,1023,154,1067
224,Robinia,Female,52,United States,District of Columbia,1301,215,2148
225,Jessey,Genderqueer,44,United States,New Jersey,4925,246,1440
226,Brook,Female,41,United States,Texas,4261,444,2420
227,Fonzie,Male,43,United States,,1503,451,1465
228,Gerry,Female,42,United States,Virginia,4795,312,1389
229,Charis,Female,23,United States,Colorado,4460,299,1323
230,Gertrudis,Female,51,United States,Tennessee,3706,263,583
231,Deni,Female,55,United States,Florida,1727,332,2744
232,Mathew,Male,40,United States,Florida,2085,294,351
233,Tommie,Genderqueer,29,United States,Pennsylvania,4965,281,569
234,Di,Female,42,United States,South Carolina,3113,258,2039
235,Udell,Male,34,United States,California,2708,328,918
236,Belia,Female,31,United States,Alabama,4624,471,703
237,Ozzy,Bigender,41,United States,Oregon,1657,421,1292
238,Claresta,Female,28,United States,Texas,4334,253,1430
239,Tove,Female,54,United States,California,2401,474,1917
240,Jessamyn,Female,28,United States,New York,4508,390,1732
241,Dena,Polygender,43,United States,,3788,155,2267
242,Alfred,Male,38,United States,South Carolina,3644,263,2818
243,Far,Male,27,United States,Florida,2254,163,2811
244,Abigael,Female,44,United States,Florida,2342,258,2266
245,Jethro,Male,52,United States,New Mexico,1760,163,954
246,Jaymie,Male,48,United States,North Carolina,2165,231,666
247,Kelli,Female,40,United States,Oregon,2550,416,2884
248,Quill,Male,32,United States,California,4727,346,1143
249,Osmond,Genderqueer,23,United States,Delaware,4320,316,2504
250,Terrance,Male,41,United States,Virginia,2587,237,1698
251,Brew,Male,38,United States,Arizona,1534,311,815
252,Raddie,Male,55,United States,California,3180,364,454
253,Seana,Female,25,United States,California,1050,476,2396
254,Calypso,Female,42,United States,,3551,357,527
255,Sabina,Polygender,51,United States,,3862,226,2563
256,Norry,Male,38,United States,District of Columbia,2985,281,592
257,Abram,Male,36,United States,Florida,2243,498,1804
258,Libbi,Female,43,United States,Florida,3159,195,1722
259,Alina,Female,43,United States,Pennsylvania,3119,479,2693
260,Remington,Male,44,United States,California,2540,403,376
261,Farah,Female,34,United States,Florida,2715,199,1591
262,Elroy,Bigender,36,United States,New Jersey,3645,456,1545
263,Jessey,Male,43,United States,New York,3223,225,1044
264,Royal,Male,21,United States,Pennsylvania,2998,272,953
265,Devin,Male,43,United States,New York,4197,204,1652
266,Bald,Male,20,United States,,1023,479,2891
267,Rosamund,Female,44,United States,District of Columbia,4160,378,689
268,Dunstan,Male,44,United States,Louisiana,3332,317,1093
269,Bennett,Male,51,United States,Virginia,3208,382,2855
270,Carmine,Male,43,United States,Pennsylvania,3742,398,2608
271,Jamil,Male,31,United States,New Jersey,4649,177,1152
272,Garry,Male,41,United States,Colorado,3546,496,463
273,Layne,Female,33,United States,Colorado,2553,500,889
274,Claybourne,Male,41,United States,Florida,4914,388,2847
275,Launce,Male,41,United States,South Carolina,4322,156,1960
276,Jo ann,Female,34,United States,Texas,1001,333,369
277,Dominik,Male,33,United States,Colorado,1660,187,1170
278,Minna,Female,26,United States,Oklahoma,2689,447,338
279,Rube,Male,22,United States,Oregon,1064,238,402
280,Tracy,Male,40,United States,Texas,3395,391,2247
281,Brenda,Female,26,United States,,3197,195,2516
282,Alejandro,Male,53,United States,Indiana,4037,163,907
283,Tommi,Female,33,United States,Texas,2380,310,2145
284,Jerrylee,Female,45,United States,Florida,1103,206,2597
285,Rita,Female,47,United States,Virginia,4735,394,419
286,Sauncho,Bigender,34,United States,Ohio,4026,190,1817
287,Manya,Female,45,United States,Utah,2751,422,1092
288,Christos,Male,47,United States,,1971,429,1491
289,Ingamar,Polygender,34,United States,Kentucky,3900,456,422
290,Krisha,Male,25,United States,New York,2192,214,1140
291,Jacqui,Female,52,United States,Tennessee,3401,296,419
292,Bat,Male,40,United States,Oregon,4274,317,2049
293,Ignatius,Male,37,United States,Florida,3442,158,1801
294,Magnum,Male,21,United States,District of Columbia,2217,247,1180
295,Zebadiah,Male,35,United States,Missouri,3049,206,2090
296,Dylan,Male,24,United States,Florida,1889,329,1981
297,Gawen,Genderfluid,46,United States,Wisconsin,2053,397,2586
298,Georgianne,Female,46,United States,Texas,2069,311,376
299,Monah,Female,38,United States,Arizona,1097,236,2203
300,Myrwyn,Male,48,United States,California,3735,462,1665
301,Jeri,Female,30,United States,Washington,2444,301,1433
302,Jerome,Male,21,United States,California,1981,156,1972
303,Everett,Male,27,United States,Illinois,4213,311,2851
304,Jonathan,Male,39,United States,Nebraska,3017,203,1483
305,Lizzy,Female,55,United States,Colorado,2171,400,1016
306,Patrica,Female,45,United States,California,4161,296,1513
307,Buck,Male,51,United States,West Virginia,1791,283,1911
308,Beckie,Female,39,United States,Texas,3413,451,1548
309,Avram,Male,43,United States,Florida,2184,159,1366
310,Brennen,Male,30,United States,Florida,3456,226,2198
311,Lucille,Female,29,United States,Wisconsin,4431,408,2551
312,Bea,Female,38,United States,,4906,307,739
313,Danya,Male,37,United States,Missouri,3983,265,2006
314,Brent,Male,44,United States,District of Columbia,4504,461,650
315,Rey,Male,40,United States,Florida,4501,201,1557
316,Eve,Female,48,United States,Maryland,2859,352,254
317,Stevy,Agender,21,United States,Virginia,4016,423,903
318,Ethelda,Female,36,United States,Florida,2215,187,510
319,Drona,Female,24,United States,New York,1527,234,1740
320,Onfroi,Male,24,United States,Florida,1331,282,257
321,Sutherlan,Male,24,United States,New Jersey,4989,233,809
322,Candida,Female,52,United States,Texas,2515,294,2754
323,Boony,Male,26,United States,Florida,1307,195,1627
324,Chrystal,Female,40,United States,Illinois,3051,471,1109
325,Wallache,Male,40,United States,Missouri,3292,199,1169
326,Bastian,Male,31,United States,Texas,1611,324,1040
327,Myrna,Non-binary,26,United States,Arkansas,3909,196,654
328,Emilio,Male,36,United States,Georgia,2030,453,2045
329,Nicoline,Female,34,United States,Illinois,1487,425,2233
330,Nicolais,Male,47,United States,Indiana,1854,352,2459
331,Elga,Female,49,United States,Pennsylvania,2773,177,2417
332,Aldwin,Male,50,United States,Ohio,1533,320,2168
333,Rolland,Male,41,United States,California,1267,479,1660
334,Lindsy,Bigender,35,United States,Utah,3507,341,1971
335,Saxe,Male,22,United States,Texas,3602,488,1330
336,Kasey,Female,33,United States,West Virginia,4789,452,1709
337,Bone,Male,42,United States,Florida,3797,367,2442
338,Lewie,Male,42,United States,Texas,1866,454,1333
339,Stephana,Female,49,United States,California,3984,491,810
340,Lottie,Bigender,26,United States,,1555,499,1059
341,Thea,Female,22,United States,Illinois,2376,261,652
342,Penelopa,Female,55,United States,Georgia,1350,460,325
343,Bethena,Female,53,United States,California,3303,370,910
344,Chantalle,Female,44,United States,Louisiana,3258,176,416
345,Jeanna,Female,35,United States,Arizona,1896,217,2129
346,Greta,Agender,49,United States,District of Columbia,1344,397,2736
347,Daisie,Female,47,United States,Florida,1280,470,2802
348,Webb,Male,53,United States,Kansas,1487,243,2818
349,Lucais,Genderfluid,46,United States,California,3814,391,919
350,Dallis,Male,42,United States,Texas,2328,242,1111
351,Fidole,Male,28,United States,Florida,4865,176,1434
352,Vidovic,Genderqueer,24,United States,Delaware,1047,316,423
353,Octavius,Male,25,United States,Texas,3982,350,2081
354,Christel,Female,37,United States,Connecticut,3584,331,1498
355,Dore,Male,37,United States,Illinois,2373,458,2455
356,Daloris,Female,55,United States,California,4484,197,1399
357,Harley,Non-binary,52,United States,New York,4098,235,593
358,Abbie,Female,47,United States,Texas,2321,490,1437
359,Jaquelyn,Female,27,United States,New Jersey,4481,364,2808
360,Clark,Male,27,United States,Florida,3277,386,2624
361,Cindelyn,Female,45,United States,New Jersey,3882,305,1247
362,Pru,Female,38,United States,Tennessee,2206,468,2659
363,Alaric,Male,29,United States,Indiana,2648,433,1160
364,Jen,Female,27,United States,South Dakota,2894,213,1556
365,Jorey,Female,31,United States,California,2689,205,345
366,Kat,Female,37,United States,Texas,4526,324,2051
367,Danny,Female,22,United States,Pennsylvania,2277,287,1589
368,Rockwell,Male,23,United States,California,4940,347,1015
369,Filberto,Male,32,United States,Texas,1004,298,354
370,Ruthi,Female,52,United States,,4891,271,2167
371,Minni,Female,36,United States,California,2676,481,2091
372,Cammie,Female,25,United States,Florida,2286,425,2673
373,Wendell,Male,48,United States,Kentucky,3695,336,1702
374,Cherice,Female,53,United States,Florida,4001,369,718
375,Ana,Polygender,46,United States,Ohio,4452,293,1681
376,Odie,Male,54,United States,Tennessee,3179,451,2381
377,Gusta,Female,38,United States,Tennessee,1624,443,2231
378,Roselin,Female,41,United States,Louisiana,2968,295,2601
379,Brandie,Female,45,United States,Nevada,3492,409,1880
380,Raffarty,Male,20,United States,California,2884,242,1974
381,Mordy,Polygender,38,United States,Arizona,4108,271,2436
382,Frances,Female,55,United States,Texas,1926,203,1169
383,Nora,Female,51,United States,Maryland,2247,355,2707
384,Rhys,Male,23,United States,Texas,2249,422,1137
385,Tisha,Female,39,United States,Pennsylvania,3438,490,1709
386,Virgie,Male,24,United States,Florida,2612,161,1574
387,Hertha,Female,49,United States,Indiana,1196,317,2211
388,Joey,Male,45,United States,,1731,291,1659
389,Leone,Non-binary,29,United States,Florida,2228,246,1721
390,Karel,Male,23,United States,Texas,2071,356,1454
391,Yanaton,Male,27,United States,,2685,333,2511
392,Edmon,Male,25,United States,Texas,2746,179,1107
393,Stevana,Female,30,United States,California,2797,248,1731
394,Silvester,Male,54,United States,Arizona,3026,491,1457
395,Irv,Male,51,United States,Rhode Island,4204,283,1910
396,Darrick,Male,29,United States,Georgia,1875,213,2046
397,Hiram,Genderqueer,41,United States,Missouri,2724,173,537
398,Maire,Female,32,United States,Massachusetts,3996,474,1941
399,Domenic,Male,27,United States,Connecticut,3221,360,909
400,Genvieve,Female,36,United States,Florida,3564,476,950
401,Dale,Female,40,United States,Nevada,4795,261,2727
402,Antonie,Female,28,United States,Kentucky,1061,261,2716
403,Egor,Male,28,United States,Alabama,2159,370,1881
404,Kristan,Genderfluid,27,United States,North Carolina,1892,276,833
405,Gus,Polygender,33,United States,Louisiana,4756,158,335
406,Stearn,Male,50,United States,California,2602,231,2293
407,Pietra,Female,41,United States,Nevada,3483,168,1071
408,Lenee,Female,45,United States,Kentucky,1895,309,2537
409,Rich,Male,42,United States,North Carolina,1963,411,348
410,Nicola,Female,38,United States,Alabama,2702,153,1114
411,Sergeant,Male,21,United States,Georgia,1516,229,722
412,Starr,Female,45,United States,Alabama,3151,477,2006
413,Murdoch,Male,53,United States,District of Columbia,3344,333,2127
414,Jillian,Female,21,United States,Utah,3861,239,280
415,Petr,Polygender,42,United States,New York,1540,253,2220
416,Jimmie,Male,48,United States,Florida,1488,196,658
417,Shaylah,Female,24,United States,Florida,4799,367,1821
418,Der,Male,50,United States,Florida,4587,268,367
419,Pieter,Male,38,United States,Pennsylvania,1990,453,1506
420,Lydon,Male,28,United States,District of Columbia,2171,480,2470
421,Jefferson,Male,32,United States,California,2815,327,1865
422,Bennett,Male,34,United States,Ohio,2283,417,2859
423,Vinni,Female,53,United States,Florida,1240,351,883
424,Vikky,Female,39,United States,Kansas,2462,284,2762
425,Flory,Female,20,United States,Ohio,1950,237,2792
426,Hernando,Male,54,United States,Kentucky,4482,374,1667
427,Wainwright,Male,36,United States,North Carolina,1079,379,1032
428,Julie,Female,33,United States,Texas,1507,316,887
429,Ike,Male,32,United States,California,4132,184,2667
430,Guss,Male,29,United States,California,1625,404,866
431,Rolando,Male,36,United States,Illinois,3537,221,436
432,Tamma,Female,52,United States,Texas,2026,256,1666
433,Hermione,Female,44,United States,Georgia,1907,475,2219
434,Fredek,Male,48,United States,New York,3499,456,474
435,Ester,Non-binary,54,United States,Missouri,4010,429,953
436,Isabella,Genderfluid,43,United States,California,3245,227,2430
437,Maddy,Female,50,United States,Minnesota,2125,401,2790
438,Stefa,Female,55,United States,Indiana,3248,414,964
439,Dayna,Female,28,United States,Florida,4260,338,696
440,Menard,Male,27,United States,California,3640,192,1234
441,Josee,Female,29,United States,California,1112,170,399
442,Mac,Male,49,United States,Louisiana,2484,479,2830
443,Hamnet,Male,40,United States,California,2779,409,2282
444,Milicent,Female,34,United States,Illinois,3447,278,863
445,Anderson,Male,54,United States,Nevada,2354,268,1428
446,Jsandye,Female,49,United States,Texas,4285,337,1880
447,Cathyleen,Female,39,United States,California,4700,176,2635
448,Gwenni,Female,40,United States,Vermont,4379,214,1678
449,Chiarra,Female,45,United States,Texas,2747,280,1662
450,Abigail,Genderqueer,50,United States,Ohio,4487,332,1795
451,Cilka,Female,25,United States,Georgia,3644,371,1965
452,Quincy,Male,30,United States,,3985,331,297
453,Joletta,Female,25,United States,Massachusetts,2131,207,2682
454,Guendolen,Female,43,United States,California,2585,266,2675
455,Orlando,Male,27,United States,Georgia,1482,478,539
456,Caresa,Female,28,United States,Colorado,3004,203,2783
457,Rick,Male,21,United States,Georgia,4251,493,2860
458,Irvine,Male,34,United States,California,4807,443,1565
459,Winnifred,Female,25,United States,Georgia,1147,309,2092
460,Cobbie,Male,47,United States,Ohio,2193,240,566
461,Britte,Female,41,United States,Ohio,4144,486,1471
462,Colly,Female,44,United States,Georgia,3215,434,2577
463,Nevile,Male,54,United States,California,1896,485,1444
464,Braden,Male,21,United States,Texas,2297,199,2833
465,Sarajane,Female,26,United States,Colorado,1222,389,1258
466,Baldwin,Agender,34,United States,Oregon,4398,289,1629
467,Dania,Female,33,United States,Kentucky,1790,448,2428
468,Crin,Female,20,United States,California,3239,240,1103
469,Melosa,Female,42,United States,,1394,168,880
470,Yvonne,Female,44,United States,California,1033,285,2665
471,Kira,Female,51,United States,California,3186,455,2503
472,Byrle,Bigender,51,United States,Ohio,3354,229,1349
473,Augustine,Male,43,United States,Oregon,1391,395,2215
474,Veronique,Female,26,United States,Texas,3790,316,2577
475,Tallie,Non-binary,30,United States,Oklahoma,4128,407,2691
476,Frankie,Male,44,United States,Texas,3622,167,2290
477,Leslie,Female,22,United States,Virginia,2391,332,546
478,Baxy,Male,28,United States,California,3702,151,2468
479,Addi,Female,37,United States,Virginia,2089,236,655
480,Franzen,Male,22,United States,New York,2432,252,1099
481,Dwight,Bigender,46,United States,Indiana,2581,231,2619
482,Trixi,Female,43,United States,Arizona,1594,430,2058
483,Simmonds,Non-binary,28,United States,Tennessee,1168,363,822
484,Natalee,Female,32,United States,Minnesota,2675,453,1675
485,Aundrea,Female,24,United States,North Carolina,3717,448,1069
486,Corbie,Male,21,United States,California,2838,415,636
487,Leonard,Male,35,United States,Hawaii,1504,258,1264
488,Anissa,Female,24,United States,Michigan,4373,233,2544
489,Linette,Female,32,United States,Missouri,1799,461,623
490,Carl,Male,43,United States,,2240,192,1388
491,Krysta,Female,27,United States,Kentucky,1416,157,2558
492,Neysa,Female,51,United States,Texas,2942,177,1628
493,Graig,Male,26,United States,District of Columbia,4189,443,1672
494,Jorge,Male,33,United States,Virginia,4406,308,1365
495,Kelley,Male,44,United States,Georgia,1519,176,1187
496,Mic,Male,34,United States,Michigan,1928,297,1513
497,Andria,Female,31,United States,Texas,1726,394,1122
498,Bibbye,Genderqueer,32,United States,,4001,333,1520
499,Harlin,Male,51,United States,District of Columbia,3758,277,2834
500,Brandea,Female,22,United States,Alabama,4589,454,1182
501,Aland,Male,25,United States,,1406,252,2076
502,Shawnee,Female,53,United States,Alaska,4373,496,1606
503,Bruno,Male,33,United States,North Carolina,4095,235,2898
504,Huberto,Male,31,United States,Mississippi,2587,177,2287
505,Burl,Male,46,United States,Washington,1554,303,1821
506,Nannie,Female,54,United States,,2061,183,2408
507,Perkin,Male,37,United States,Missouri,4331,327,2252
508,Farrel,Male,26,United States,West Virginia,1164,232,699
509,Phip,Male,32,United States,,2204,215,2202
510,Nichol,Polygender,52,United States,Texas,4346,199,1872
511,Weidar,Male,22,United States,California,3310,423,2529
512,Roseanna,Female,30,United States,Massachusetts,2097,285,701
513,Elonore,Female,48,United States,Texas,3901,465,1602
514,Caprice,Female,20,United States,Florida,2358,227,2723
515,Donnajean,Non-binary,26,United States,California,1985,294,1530
516,Briney,Genderqueer,44,United States,Ohio,3591,160,2263
517,Melisande,Female,39,United States,Iowa,3086,150,320
518,Cesare,Male,22,United States,Indiana,4611,426,1772
519,Pip,Male,42,United States,Florida,1788,201,448
520,Faina,Female,26,United States,Tennessee,2417,482,1612
521,Iorgo,Male,39,United States,Texas,3401,222,1273
522,Shelli,Female,54,United States,Virginia,3287,297,2143
523,Gaven,Male,41,United States,Texas,1644,317,1827
524,Blythe,Female,23,United States,Indiana,4357,444,2267
525,Luciano,Male,48,United States,Washington,1536,453,2826
526,Mario,Male,35,United States,North Carolina,4509,205,806
527,Stuart,Male,47,United States,Oregon,1133,245,1819
528,Whit,Male,35,United States,Texas,2500,187,1802
529,Jeffie,Male,54,United States,,4252,184,686
530,Waiter,Agender,28,United States,Iowa,1631,465,1717
531,Dina,Polygender,34,United States,Nebraska,1725,404,2286
532,Charo,Female,49,United States,Pennsylvania,1750,399,1775
533,Storm,Genderfluid,21,United States,Florida,4966,199,742
534,Kayle,Female,46,United States,Connecticut,1112,229,1845
535,Bary,Male,20,United States,California,1849,414,1306
536,Desmond,Male,20,United States,Texas,1138,485,1054
537,Pall,Male,39,United States,Texas,3521,356,569
538,Winfield,Genderqueer,43,United States,Colorado,3332,336,831
539,Angelique,Female,42,United States,Florida,2925,488,2863
540,Dario,Male,35,United States,Nevada,3936,353,2528
541,Harmonie,Female,20,United States,District of Columbia,3891,477,2422
542,Karlik,Male,32,United States,,1344,286,638
543,Lissie,Female,33,United States,California,3967,239,1218
544,Kristofer,Male,48,United States,Ohio,4903,499,2049
545,Fulvia,Female,52,United States,New York,2840,271,2767
546,Penn,Male,38,United States,Florida,1471,366,2432
547,Eleen,Female,34,United States,New York,3147,154,2130
548,Shurwood,Male,43,United States,District of Columbia,2012,333,554
549,Cindie,Female,51,United States,Michigan,3861,238,2494
550,Hillier,Male,39,United States,Texas,3173,440,2265
551,Eb,Male,33,United States,,3055,229,2727
552,Isaiah,Male,53,United States,District of Columbia,3612,370,2346
553,Nanete,Female,26,United States,Tennessee,3865,230,1296
554,Leeanne,Female,30,United States,Alabama,1354,188,1008
555,Barrie,Male,51,United States,Louisiana,3931,191,388
556,Rafaello,Male,20,United States,California,3063,427,959
557,Carmel,Female,41,United States,Pennsylvania,2198,362,2581
558,Shani,Female,51,United States,Michigan,3264,169,1029
559,Bastian,Male,41,United States,Ohio,2028,219,2601
560,Barbie,Female,30,United States,North Carolina,4345,325,2560
561,Carlin,Female,51,United States,Missouri,4047,296,2123
562,Maurie,Male,22,United States,New York,1219,203,1789
563,Letitia,Non-binary,39,United States,Indiana,2717,192,2307
564,Padraig,Male,29,United States,Mississippi,1502,158,2133
565,Welby,Male,48,United States,Texas,4916,277,499
566,Christiana,Female,51,United States,Georgia,3242,248,2733
567,Yanaton,Male,52,United States,California,4965,273,899
568,Vail,Male,55,United States,,1313,492,1729
569,Emmery,Male,27,United States,Florida,3419,414,1755
570,Trude,Genderqueer,47,United States,California,1827,156,1397
571,Phineas,Male,51,United States,South Carolina,2970,460,1211
572,Jasper,Male,49,United States,Georgia,3961,299,2122
573,Vonny,Bigender,41,United States,Illinois,3769,422,2606
574,Cherlyn,Female,35,United States,Texas,1915,217,1882
575,Christoforo,Male,55,United States,Pennsylvania,2170,276,1360
576,Paulo,Male,32,United States,Illinois,1240,422,2741
577,Meaghan,Female,49,United States,California,4195,371,2354
578,Vasily,Male,42,United States,North Carolina,1517,266,1291
579,Lamond,Male,48,United States,Pennsylvania,3949,315,2165
580,Giles,Agender,29,United States,Ohio,3272,451,1327
581,Kennan,Male,32,United States,Florida,4680,460,1772
582,Ryun,Male,30,United States,Missouri,3798,414,1198
583,Rossy,Male,47,United States,Tennessee,1753,420,2779
584,Marcelo,Male,22,United States,California,4313,217,2464
585,Janos,Male,41,United States,Tennessee,4696,410,828
586,Charissa,Female,54,United States,Illinois,4767,403,2822
587,Darwin,Male,22,United States,Hawaii,2359,183,293
588,Morena,Female,28,United States,Florida,2634,396,645
589,Jeramey,Male,43,United States,Indiana,1250,370,1886
590,Vitia,Female,20,United States,Arizona,1437,155,1174
591,Martina,Female,36,United States,Louisiana,3421,494,950
592,Prisca,Female,23,United States,Indiana,4168,444,1315
593,Marie-jeanne,Female,26,United States,,4175,168,1063
594,Thomasa,Female,32,United States,South Carolina,1183,436,965
595,Clemmy,Female,36,United States,North Carolina,3810,150,2182
596,Chelsae,Female,31,United States,Texas,4900,385,1963
597,Elonore,Female,51,United States,Florida,4345,182,2084
598,Weidar,Male,47,United States,Mississippi,2115,187,1233
599,Muffin,Polygender,25,United States,Indiana,1722,322,1572
600,Luise,Female,33,United States,Georgia,1865,333,1624
601,Vern,Male,49,United States,Florida,1497,245,486
602,Fanchette,Female,54,United States,Florida,2955,194,378
603,Harlie,Female,41,United States,District of Columbia,3258,206,424
604,Alaric,Male,54,United States,California,2023,482,1586
605,Daryle,Male,47,United States,California,1072,463,2271
606,Vincenty,Male,51,United States,Arkansas,1571,265,1627
607,Merla,Female,50,United States,Massachusetts,3384,389,2438
608,Felicio,Male,20,United States,Texas,1719,392,2687
609,Shep,Male,24,United States,Texas,4665,488,2548
610,Karia,Female,21,United States,North Carolina,1368,458,1998
611,Rusty,Male,54,United States,West Virginia,3463,468,1931
612,Ginnifer,Female,50,United States,New York,2083,481,365
613,Nicolas,Male,47,United States,Minnesota,4380,199,749
614,Peggi,Female,23,United States,Florida,4562,153,1632
615,Jerrylee,Female,23,United States,Michigan,3817,305,484
616,Winnie,Female,53,United States,Florida,2625,429,1350
617,Mikey,Male,33,United States,Illinois,1284,485,1156
618,Tadeo,Male,25,United States,Florida,3482,474,2588
619,Nicolais,Male,45,United States,Tennessee,3757,251,489
620,Kirsten,Female,28,United States,Massachusetts,1101,433,2165
621,Eberto,Male,28,United States,New York,4645,338,1836
622,Artemas,Male,36,United States,Minnesota,2630,263,1450
623,Chev,Male,48,United States,Pennsylvania,1380,277,650
624,Wilma,Agender,50,United States,,4784,392,1831
625,Salvidor,Male,30,United States,Oklahoma,4755,414,2036
626,Pandora,Female,40,United States,California,2430,287,2161
627,Atalanta,Female,22,United States,District of Columbia,2056,155,2428
628,Rancell,Male,32,United States,Minnesota,4518,239,1555
629,Tabor,Male,51,United States,California,1984,344,1423
630,Caddric,Non-binary,35,United States,Texas,2969,211,2083
631,Wynn,Male,32,United States,California,2042,399,725
632,Tarah,Female,54,United States,Alabama,4520,172,520
633,Bunnie,Female,53,United States,California,1950,422,2135
634,Caddric,Male,48,United States,New Jersey,1448,171,1963
635,Grayce,Female,38,United States,,4461,499,2382
636,Janessa,Female,41,United States,Oklahoma,1802,315,2316
637,Margarete,Female,23,United States,Texas,1287,273,2554
638,Iver,Genderqueer,46,United States,Iowa,3976,345,1437
639,Lemuel,Male,48,United States,Missouri,1178,328,1808
640,Alley,Male,54,United States,Texas,1751,387,439
641,Marlie,Female,53,United States,Louisiana,4145,336,561
642,Drake,Male,23,United States,Wisconsin,4740,312,2217
643,Biron,Male,48,United States,California,2379,297,1072
644,Kahlil,Polygender,25,United States,Texas,4668,371,610
645,Marshal,Male,54,United States,New York,4349,334,2824
646,Nada,Female,43,United States,Virginia,1852,496,2610
647,Austin,Male,32,United States,Alabama,4638,239,1131
648,Karlene,Female,28,United States,Georgia,4892,310,1699
649,Sena,Female,44,United States,California,3473,428,2503
650,Maddalena,Female,24,United States,Nevada,2091,329,1768
651,Cullan,Male,21,United States,New York,3762,305,1563
652,Erena,Female,44,United States,Texas,3834,217,863
653,Brena,Female,35,United States,North Carolina,1234,279,456
654,Marlane,Female,46,United States,Nevada,1084,482,1578
655,Vonni,Female,32,United States,Florida,1282,476,988
656,Jone,Male,50,United States,Missouri,2526,200,1393
657,Sollie,Male,53,United States,Indiana,2952,454,716
658,Denney,Male,53,United States,Alaska,3211,156,1104
659,Pearline,Female,28,United States,North Carolina,4028,459,423
660,Ellswerth,Male,31,United States,Texas,1762,444,2505
661,Delmar,Male,25,United States,Iowa,3474,292,2810
662,Stu,Male,34,United States,California,1097,381,1911
663,Omar,Male,41,United States,Texas,2198,443,1035
664,Allianora,Bigender,54,United States,Texas,1393,363,2050
665,Louis,Male,45,United States,Illinois,4768,297,1567
666,Corrie,Male,52,United States,Florida,2935,259,2688
667,Boycie,Male,53,United States,District of Columbia,4534,156,2562
668,Nelle,Female,49,United States,Texas,1135,327,2079
669,Goldia,Female,30,United States,Texas,3872,264,2345
670,Kath,Female,42,United States,California,3711,292,2636
671,Mureil,Female,50,United States,Georgia,4961,457,1919
672,Florinda,Female,39,United States,Nebraska,4589,308,2438
673,Irma,Female,23,United States,Florida,1693,280,430
674,Lek,Male,40,United States,,3887,381,274
675,Calla,Female,26,United States,California,3336,201,2898
676,Jephthah,Male,50,United States,Pennsylvania,4254,221,1936
677,Brendis,Agender,20,United States,Florida,1413,423,1210
678,Lenna,Female,40,United States,Michigan,4032,334,566
679,Florrie,Female,42,United States,California,1143,205,2073
680,Mathew,Male,21,United States,District of Columbia,4509,477,1719
681,Fancie,Female,47,United States,Alabama,3063,469,2238
682,Myca,Male,26,United States,Texas,3267,392,2442
683,Ferdinande,Female,46,United States,Virginia,1365,338,2269
684,Roderick,Male,37,United States,California,4181,212,2240
685,Ogdan,Male,31,United States,District of Columbia,3434,212,1188
686,Calla,Female,52,United States,Kentucky,3722,395,2825
687,Roselia,Agender,52,United States,District of Columbia,2355,361,1789
688,Luz,Female,45,United States,Pennsylvania,2367,420,917
689,Dallas,Female,55,United States,California,4880,434,935
690,Germayne,Genderqueer,28,United States,Pennsylvania,4078,267,2746
691,Agosto,Male,49,United States,,2359,160,1541
692,Rollins,Male,34,United States,Florida,4597,460,2619
693,Jemmy,Female,35,United States,California,1720,249,2234
694,Ginnifer,Female,31,United States,Utah,4074,353,1133
695,Ignacio,Male,52,United States,South Carolina,1932,233,547
696,Fabian,Male,22,United States,Texas,2818,204,1395
697,Burton,Male,47,United States,Texas,4382,498,1926
698,Sherwin,Male,30,United States,California,2083,297,398
699,Wini,Female,52,United States,,4374,399,2535
700,Pat,Male,41,United States,California,2312,200,1014
701,Pammie,Female,31,United States,Indiana,2774,313,507
702,Jeannine,Female,43,United States,New Mexico,1956,403,1896
703,Gusty,Female,43,United States,New York,3177,450,2204
704,Patten,Male,21,United States,Texas,4875,347,2317
705,Chico,Genderfluid,52,United States,Alabama,1785,154,624
706,Wynne,Female,27,United States,Texas,1695,384,2345
707,Loretta,Female,34,United States,California,4422,407,566
708,Arlinda,Female,47,United States,,4769,436,2168
709,Haley,Female,25,United States,New Jersey,3124,278,1799
710,Ardith,Female,36,United States,,4841,457,600
711,Murial,Female,52,United States,New York,2478,270,1819
712,Gilberto,Male,21,United States,,4874,491,867
713,Johan,Male,46,United States,Arizona,1289,431,1711
714,Erin,Female,28,United States,Tennessee,2107,449,1774
715,Field,Male,38,United States,Wisconsin,1653,226,535
716,Elden,Male,26,United States,Texas,3725,481,1510
717,Ddene,Genderfluid,22,United States,California,1539,485,1968
718,Harlin,Male,47,United States,California,2712,341,1476
719,Dall,Male,54,United States,Kentucky,3312,185,2588
720,Logan,Male,46,United States,Texas,2580,356,2718
721,Edie,Female,20,United States,,1990,339,2498
722,Aharon,Male,20,United States,Arkansas,3319,394,949
723,Anthony,Male,39,United States,California,4062,160,376
724,Jenifer,Female,24,United States,North Dakota,4973,444,1757
725,Marta,Female,53,United States,California,4526,493,1516
726,Foster,Male,26,United States,Texas,2218,362,1479
727,Celestyna,Female,26,United States,Texas,3350,436,1500
728,Jessee,Male,54,United States,Florida,2363,309,534
729,Dom,Male,42,United States,Michigan,1318,325,2808
730,Kristan,Female,48,United States,Pennsylvania,2657,183,2570
731,Deanne,Agender,31,United States,Indiana,3808,375,953
732,Vinnie,Male,53,United States,Missouri,3211,180,2329
733,Rosette,Female,47,United States,Illinois,2557,448,1119
734,Harmon,Male,50,United States,Oregon,2403,394,1014
735,Olivero,Male,21,United States,North Carolina,2928,452,607
736,Perceval,Male,26,United States,Missouri,1790,400,1342
737,Gilberto,Male,48,United States,Louisiana,2045,291,2838
738,Lennard,Male,33,United States,Florida,3207,243,2072
739,Noach,Male,31,United States,California,4651,281,2887
740,Hilde,Female,29,United States,Louisiana,1374,426,1058
741,Storm,Female,41,United States,Pennsylvania,4285,246,1607
742,Drusi,Female,53,United States,California,1796,156,1593
743,Barty,Polygender,40,United States,Georgia,4707,223,2140
744,Gerrie,Male,21,United States,Florida,2270,470,1901
745,Lolita,Female,23,United States,Florida,3791,157,2348
746,Francoise,Female,27,United States,Texas,3111,375,1912
747,Hedwiga,Female,30,United States,Missouri,1399,382,1948
748,Hakim,Male,41,United States,Illinois,1653,464,2101
749,Michelina,Female,31,United States,Tennessee,3333,157,1297
750,Davy,Male,44,United States,Missouri,2357,198,443
751,Garrot,Male,22,United States,Ohio,4797,241,2786
752,Rosina,Female,44,United States,New York,1972,446,2679
753,Wyn,Male,52,United States,,3134,386,2550
754,Gerhard,Male,44,United States,New York,2160,224,830
755,Padget,Male,51,United States,Ohio,3610,500,2520
756,Giselbert,Male,34,United States,Florida,3001,426,2571
757,Papagena,Female,55,United States,California,4318,249,2392
758,Conrado,Male,25,United States,Florida,4094,265,1935
759,Dahlia,Female,36,United States,New York,3061,349,2058
760,Cacilia,Female,43,United States,Colorado,1278,430,2631
761,Currey,Male,53,United States,Texas,1315,411,1734
762,Sasha,Male,27,United States,New York,2385,334,2268
763,Glen,Male,38,United States,Michigan,3055,333,2221
764,Zebulon,Male,44,United States,California,2528,271,2712
765,Leah,Female,48,United States,Arkansas,3081,170,2833
766,Leese,Female,34,United States,Washington,1511,326,1049
767,Tamra,Female,40,United States,Missouri,4287,209,2794
768,Sada,Female,34,United States,California,4744,462,1423
769,Bartolemo,Male,50,United States,Texas,3875,371,494
770,Nicol,Male,30,United States,Maryland,2580,493,2046
771,Norbert,Bigender,45,United States,,4482,287,1146
772,Darnell,Non-binary,42,United States,Arizona,1603,486,1199
773,Scarface,Male,45,United States,California,1682,499,2834
774,Ash,Male,42,United States,Florida,2601,442,454
775,Greg,Male,24,United States,Florida,2475,363,1170
776,Neil,Male,23,United States,Oregon,1157,266,2092
777,Fulton,Male,24,United States,Maryland,3921,172,2574
778,Dennet,Male,35,United States,Oklahoma,2736,368,1759
779,Stu,Male,46,United States,Texas,2151,405,1913
780,Isobel,Female,32,United States,,4931,445,1406
781,Dorthea,Female,52,United States,Georgia,4753,450,2379
782,Peyter,Male,53,United States,Missouri,1658,259,2559
783,Kalvin,Male,29,United States,Louisiana,4621,237,1088
784,Shanta,Female,26,United States,Colorado,3028,387,885
785,Angy,Female,29,United States,Florida,2655,292,1326
786,Cris,Male,20,United States,Washington,1843,217,489
787,Tyrone,Male,41,United States,Wisconsin,1252,447,1137
788,Harman,Male,32,United States,Oklahoma,3021,485,2819
789,Terrijo,Female,32,United States,New York,1773,436,918
790,Brew,Male,31,United States,Washington,2287,445,2732
791,Hayward,Male,51,United States,Mississippi,3614,264,1696
792,Etty,Female,50,United States,Texas,3977,268,2748
793,Jeniece,Female,46,United States,Kentucky,4697,484,1066
794,Frederica,Female,45,United States,Utah,3468,448,2250
795,Veda,Female,55,United States,Texas,1888,249,1042
796,Terese,Female,51,United States,Florida,2292,275,1017
797,Livvie,Female,32,United States,California,2118,404,1517
798,Sabine,Female,51,United States,,4176,435,1722
799,Cass,Male,26,United States,Texas,4392,490,1384
800,Bud,Male,27,United States,Nebraska,3551,177,2064
801,Kristoffer,Genderqueer,44,United States,California,4293,330,1331
802,Luise,Female,55,United States,South Carolina,3056,173,2813
803,Hurleigh,Male,46,United States,Florida,2429,427,680
804,Curry,Male,33,United States,Colorado,3255,409,794
805,Meade,Female,34,United States,Kansas,2610,178,1558
806,Smitty,Male,55,United States,California,4701,182,1406
807,Conny,Male,25,United States,Pennsylvania,1991,271,775
808,Janeczka,Female,29,United States,New York,1627,402,1600
809,Kellia,Female,35,United States,Illinois,1410,266,1739
810,Tome,Male,43,United States,North Carolina,2752,410,1501
811,Ned,Non-binary,45,United States,Missouri,1882,152,2045
812,Gwendolyn,Female,25,United States,Ohio,3257,494,2245
813,Ezekiel,Male,55,United States,West Virginia,4013,413,2022
814,Carroll,Male,40,United States,Texas,3637,471,1074
815,Elvyn,Male,49,United States,,2210,288,1202
816,Sandro,Male,27,United States,Indiana,2479,222,533
817,Sergio,Male,36,United States,Mississippi,4439,492,2193
818,Farrah,Genderfluid,35,United States,Massachusetts,3913,349,2111
819,Ogden,Male,36,United States,California,3901,407,1385
820,Grace,Male,23,United States,Massachusetts,1096,306,1079
821,Trude,Female,22,United States,Washington,1540,202,2766
822,Jolynn,Agender,44,United States,Tennessee,3422,488,732
823,Sam,Female,39,United States,Kansas,2772,346,1451
824,Patrica,Female,33,United States,Colorado,1407,358,2674
825,Vicky,Female,35,United States,California,4912,355,2729
826,Cart,Male,21,United States,Mississippi,2965,419,2725
827,Lindsay,Female,28,United States,New York,1570,436,2587
828,Dawna,Agender,45,United States,District of Columbia,2550,321,1044
829,Fara,Female,22,United States,Tennessee,3402,282,2218
830,Else,Female,51,United States,Pennsylvania,2102,361,506
831,Sherie,Female,55,United States,Missouri,3824,350,1607
832,Ced,Male,25,United States,Alabama,4336,288,1877
833,Galven,Male,54,United States,Arizona,1195,334,729
834,Chrissy,Male,43,United States,Missouri,2240,431,1698
835,Welby,Male,46,United States,California,4218,464,1281
836,Christoper,Male,44,United States,Washington,3926,282,2030
837,Elaina,Female,44,United States,New York,4086,289,1962
838,Euphemia,Genderfluid,45,United States,Minnesota,2016,300,2851
839,Julienne,Female,41,United States,Washington,1189,257,2668
840,Camala,Female,41,United States,District of Columbia,3945,388,2682
841,Nero,Male,48,United States,Arizona,4533,301,2883
842,Talbot,Male,50,United States,Ohio,1737,220,1870
843,Waldo,Male,45,United States,California,1115,222,2003
844,Corena,Female,45,United States,Colorado,1638,200,1959
845,Iseabal,Female,40,United States,California,1076,484,319
846,Clyde,Male,43,United States,Alabama,2036,415,952
847,Phillipe,Male,28,United States,Illinois,1467,422,275
848,Giacobo,Male,51,United States,California,4158,302,1012
849,Giffard,Male,52,United States,Florida,2633,471,2170
850,Marijn,Male,55,United States,Missouri,3647,319,1653
851,Virgil,Male,38,United States,Massachusetts,1273,220,853
852,Juliette,Female,23,United States,Pennsylvania,4691,258,1078
853,Gareth,Male,45,United States,Wisconsin,3869,412,686
854,Jacinta,Female,25,United States,Connecticut,2390,158,1491
855,Durant,Male,53,United States,Pennsylvania,1389,452,2776
856,Abbie,Female,39,United States,Florida,1638,337,1339
857,Jacqueline,Female,25,United States,Tennessee,2669,438,326
858,Yank,Male,40,United States,,4540,174,622
859,Abey,Male,23,United States,Indiana,4041,395,1772
860,Jessee,Male,47,United States,Ohio,3837,313,2767
861,Alphonso,Male,35,United States,Virginia,4229,200,1264
862,Mame,Female,46,United States,California,2392,351,2581
863,Jud,Male,23,United States,Nevada,2373,354,2107
864,Agnes,Female,34,United States,Illinois,2863,389,1097
865,Phebe,Female,23,United States,New Jersey,3194,462,2538
866,Darlene,Female,42,United States,New York,1937,421,719
867,Eugen,Male,33,United States,,4832,182,685
868,Deck,Male,29,United States,California,4605,273,613
869,Alanson,Male,42,United States,Minnesota,3981,162,2792
870,Peta,Female,44,United States,Iowa,3835,326,2514
871,Hetty,Female,49,United States,Oklahoma,1515,333,1044
872,Ellene,Female,48,United States,Louisiana,3763,416,1058
873,Tally,Female,42,United States,Colorado,1606,153,1040
874,Delaney,Male,28,United States,Minnesota,2604,488,534
875,Carolus,Non-binary,44,United States,Oregon,1625,218,2333
876,Moira,Female,43,United States,Louisiana,4272,441,1234
877,Kata,Agender,23,United States,Kentucky,2468,304,765
878,Kynthia,Female,23,United States,Florida,4115,154,784
879,Aldric,Male,50,United States,California,4190,245,2830
880,Warren,Male,50,United States,,3989,470,2792
881,Sammy,Male,22,United States,Colorado,4435,403,728
882,Marisa,Genderqueer,44,United States,California,1927,316,2893
883,Audrye,Female,22,United States,,2991,401,1210
884,Florry,Female,49,United States,Kansas,2324,269,2554
885,Noam,Male,45,United States,California,2356,373,1326
886,Archie,Male,45,United States,Indiana,4006,287,1143
887,Maje,Male,31,United States,California,3377,230,1564
888,Sargent,Male,37,United States,Georgia,2177,254,1384
889,Josey,Genderqueer,45,United States,District of Columbia,3619,385,2289
890,Dorrie,Female,39,United States,Nevada,2400,174,858
891,Thorny,Male,28,United States,,3234,337,562
892,Bendick,Male,22,United States,Delaware,1842,257,938
893,Lura,Female,39,United States,Virginia,1000,197,1285
894,Christophorus,Male,37,United States,Ohio,2018,261,2265
895,Cortie,Male,37,United States,California,4324,364,2295
896,Larina,Female,30,United States,Pennsylvania,3508,224,2745
897,Kylie,Male,30,United States,Virginia,1567,487,2069
898,Justinn,Female,54,United States,Texas,1488,195,413
899,Barty,Male,36,United States,Florida,1744,433,875
900,Emalee,Female,30,United States,Texas,1000,419,1132
901,Jacquette,Female,39,United States,,1720,287,1300
902,Nelle,Non-binary,33,United States,Colorado,4908,300,1893
903,Anabal,Female,23,United States,Florida,3485,184,1813
904,Tybi,Female,30,United States,Florida,3919,270,2850
905,Nonna,Female,50,United States,Michigan,3371,260,734
906,Susannah,Female,28,United States,Louisiana,4312,492,1405
907,Huntlee,Male,42,United States,Ohio,3619,170,1232
908,Jameson,Male,51,United States,Texas,2469,406,2773
909,Boy,Male,54,United States,,4790,198,1316
910,Cleo,Female,52,United States,Arizona,1537,316,2748
911,Stormie,Female,30,United States,South Carolina,3403,427,1142
912,Theodoric,Agender,27,United States,California,3489,152,1107
913,Bettine,Female,29,United States,Missouri,1866,192,625
914,Rosalyn,Female,20,United States,Hawaii,2282,409,2173
915,Jessee,Male,52,United States,Texas,3641,450,808
916,Datha,Female,43,United States,Nevada,3174,445,2658
917,Ilsa,Female,30,United States,Nebraska,3997,457,1025
918,Gordon,Non-binary,37,United States,North Carolina,3135,314,2488
919,Cristionna,Female,41,United States,Oklahoma,2472,223,2818
920,Artemas,Male,22,United States,Tennessee,1116,165,514
921,Lucienne,Female,34,United States,District of Columbia,3135,307,1485
922,Bradney,Male,39,United States,Florida,4723,351,1405
923,Dar,Male,55,United States,California,2721,313,2504
924,Tera,Female,30,United States,Georgia,3276,345,1991
925,Phillip,Male,42,United States,Texas,2227,448,712
926,Dunstan,Male,35,United States,Florida,2421,250,2238
927,Bren,Non-binary,39,United States,California,3883,343,863
928,Winny,Male,50,United States,Oregon,1285,259,1278
929,Margi,Female,25,United States,Virginia,2089,335,717
930,Erhard,Male,31,United States,California,1444,264,1064
931,Staci,Genderqueer,21,United States,Ohio,2206,291,2187
932,Felicia,Female,21,United States,Texas,3979,314,2180
933,Maggi,Female,50,United States,Michigan,4958,195,482
934,Sosanna,Female,31,United States,Missouri,4775,199,1598
935,Amalia,Female,41,United States,Florida,4930,197,2011
936,Garwin,Male,31,United States,Illinois,4390,373,1182
937,Obadias,Male,34,United States,Idaho,3679,392,548
938,Susann,Female,41,United States,Louisiana,4201,238,2340
939,Tabitha,Female,44,United States,Missouri,3385,215,1840
940,Sid,Male,54,United States,District of Columbia,4937,282,2823
941,Philippe,Female,23,United States,Missouri,2059,407,2083
942,Guglielma,Female,33,United States,Rhode Island,2064,466,828
943,Barris,Male,21,United States,Virginia,1126,395,2077
944,Hendrika,Female,51,United States,Louisiana,1155,336,2677
945,Timotheus,Male,30,United States,Illinois,2311,440,2333
946,Floris,Female,21,United States,Tennessee,4856,320,1699
947,Fay,Female,30,United States,Florida,1147,298,2802
948,Micah,Male,41,United States,Florida,4857,253,725
949,Marcie,Polygender,54,United States,Florida,1204,496,1534
950,Xylina,Female,48,United States,Arizona,1578,258,2627
951,Doll,Female,25,United States,West Virginia,1509,421,2857
952,Micah,Male,39,United States,Georgia,2246,392,868
953,Yalonda,Female,37,United States,Illinois,3133,415,1723
954,Rhody,Female,28,United States,California,1336,232,2537
955,Goldy,Female,25,United States,District of Columbia,1370,270,1492
956,Wade,Polygender,31,United States,Michigan,2932,303,558
957,Jillayne,Polygender,33,United States,Texas,3875,422,1339
958,Geoffry,Male,36,United States,Arizona,4062,405,1718
959,Rey,Male,50,United States,Kansas,4438,457,2061
960,Camile,Female,42,United States,Ohio,1376,360,2728
961,Juli,Female,53,United States,California,4247,411,2185
962,Dominick,Male,38,United States,California,4577,216,2371
963,Lesley,Female,50,United States,Alaska,4349,188,2481
964,Loise,Female,32,United States,Texas,3915,498,1701
965,Angel,Female,35,United States,Florida,1438,391,1755
966,Grenville,Male,55,United States,Missouri,4290,157,669
967,Moe,Male,52,United States,Maryland,4448,474,412
968,Kristian,Male,31,United States,Alaska,3951,197,2822
969,Morissa,Female,26,United States,District of Columbia,3680,371,2667
970,Amy,Female,22,United States,Ohio,1216,335,2124
971,Piggy,Male,34,United States,Pennsylvania,3344,322,1963
972,Jamil,Male,49,United States,Ohio,2108,430,1774
973,Winnah,Female,51,United States,,2281,215,2526
974,Bartholomeo,Male,32,United States,Missouri,2814,206,1594
975,Analiese,Female,50,United States,California,2012,432,1120
976,Brody,Male,36,United States,Illinois,1472,371,261
977,Carrol,Male,45,United States,California,3889,465,271
978,Lanny,Male,47,United States,Texas,3834,247,793
979,Fina,Female,25,United States,Indiana,3713,302,2300
980,Almira,Female,23,United States,California,3778,229,623
981,Alexis,Female,54,United States,New York,3667,154,2355
982,Falkner,Male,54,United States,Texas,3062,255,555
983,Derick,Male,37,United States,California,3391,185,688
984,Giffy,Male,34,United States,Washington,4879,415,1832
985,Hashim,Male,23,United States,Pennsylvania,3847,356,2356
986,Darrick,Male,43,United States,Mississippi,4162,492,2592
987,Yorgo,Male,45,United States,District of Columbia,4840,162,2077
988,Aluin,Male,35,United States,New Hampshire,2630,288,986
989,Leda,Female,37,United States,Michigan,3191,250,265
990,Petronille,Female,50,United States,California,3280,326,2406
991,Claudio,Male,31,United States,Michigan,2873,306,2221
992,Syman,Male,55,United States,Oklahoma,1967,346,2481
993,Pauly,Female,40,United States,Texas,3862,280,796
994,Richy,Male,45,United States,North Carolina,2348,160,1435
995,Andree,Female,37,United States,Louisiana,1825,329,1552
996,Meredith,Male,21,United States,Montana,4622,158,2553
997,Brennen,Male,22,United States,Ohio,1218,396,1561
998,Ema,Female,38,United States,Virginia,1214,266,875
999,Timotheus,Male,55,United States,Louisiana,2315,297,1332
1000,Sherilyn,Female,21,United States,Pennsylvania,1796,372,1884
